{
    "language": "python3",
    "slug": "practice-python",
    "title": "Master Python by practice (interactive)",
    "repository": "https://github.com/4GeeksAcademy/master-python-programming-exercises",
    "preview": "https://github.com/4GeeksAcademy/master-python-programming-exercises/blob/master/preview.gif?raw=true",
    "description": "Practice your Python programming skills with this interactive and auto-graded set of exercises.",
    "duration": 10,
    "difficulty": "easy",
    "videoSolutions": false,
    "bugsLink": "https://github.com/learnpack/learnpack/issues/new",
    "graded": true,
   
        "editor": {
            "version": "1.0.73"
        }
    
}

